원본열번호,영역,항목명,기재값_또는_예시,원본파일
1,통합 미분류 항목,column 1,1:1 상담 / 상담 관리 번호 / XX241010 001 / 문서 -> 문서 / 영상 -> 텍스트 / 텍스트 -> 음성 / 동시 통역 / 웹툰,수집된DB/통합사본.csv
2,(번역 별도),번역 관리 번호,시험명 / 텍스트 / 활동 횟수 / 1 / 30 / 2 / 채점은 시험 당 휴먼 채점 횟수 / 요청 파일 (업로드) / 필수 여부 / 필수 / 선택,수집된DB/통합사본.csv
3,(시험 별도),시험 관리 번호,XX241010 001 / 시험 응시자에 따른 관리 번호 / 서비스 유형 / 계좌번호 / 좌측메뉴 / 전문가매칭/견적내기/... / 견적내기/...,수집된DB/통합사본.csv
4,(시험 별도) 1,(시험 별도) 1,,수집된DB/통합사본.csv
5,(시험 채점 별도),접수관리 번호,,수집된DB/통합사본.csv
6,(시험 출제 별도),출제 상태,"출제 전 / 출제 중 / 출제 완료 / 승인 완료 / 저장(출제 중) / 관리자 최종 승인 후 시험 시작 가능, 출제 화면에서 저장 클릭 시 상태값 출제 중, 출제 클릭 시 출제 완료로 상태값 변경",수집된DB/통합사본.csv
7,(에디터 별도),에디터 관리 번호,"견적서 관리번호 / 견적서관리 / 가산 금액 / 50000 / 10000 / -10,000 / 관리시 주의 사항 : 미지급할 금액은 가산금액에서 - 처리 해야 함 / 문서 / 해당 문제 제목+날짜+세자리 / 관리자 권한 (개발 완료 전 확정 필요) / 마스터 / 최고 관리자 / 메타 번역 관리자 / 정산 관리자 / 시험 관리자 / 통독 일반 관리자",수집된DB/통합사본.csv
8,통합 미분류 항목,생년월일,YY.MM.DD / 전문가 레벨 / 일반 / 고급전문가 / 전문가 / 특수전문가 / 카테고리 (대) / 관리자 수정 가능-> 되어도 수정하나요 / 전문가 이름 / 홍길동 / 관리자 메모 / 텍스트,수집된DB/통합사본.csv
9,통합 미분류 항목,연습용,연습하기(링크) / 시험 목적 중 [시험 유형]으로 제작된 내용이 사용자 화면에 팝업응로 보여지는 부분,수집된DB/통합사본.csv
10,통합 미분류 항목,시험 시작 시간,10:00(KST) / 시험 목적 중 [시험 유형]으로 제작된 내용이 사용자 화면에 팝업응로 보여지는 부분,수집된DB/통합사본.csv
11,통합 미분류 항목,시험 종료 시간,16:30(KST) / 관리자 설정,수집된DB/통합사본.csv
12,통합 미분류 항목,시험 종료 시간,관리자 설정,수집된DB/통합사본.csv
13,통합 미분류 항목,접수생수,,수집된DB/통합사본.csv
14,통합 미분류 항목,응시생수,100,수집된DB/통합사본.csv
15,통합 미분류 항목,합격생수,100,수집된DB/통합사본.csv
16,통합 미분류 항목,불합격생수,100,수집된DB/통합사본.csv
17,통합 미분류 항목,접수기간,YY.MM.DD~YYYY.MM.DD,수집된DB/통합사본.csv
18,통합 미분류 항목,접수 상태,접수 전 / 접수 중 / 접수 완료 / 접수 취소 / 접수 기간 [접수하기] 버튼 활성화,수집된DB/통합사본.csv
19,통합 미분류 항목,메일,abcd@abcd.com / 단위 / 글자수 / 장당 / 시간당 / 문항당 / 갯수 / 회원당 / 회차당 / 카테고리 (중) / 관리자 수정 가능 / 평점 / 4.5 / 공지사항 / 공지사항 관리 번호 / XX241010 001,수집된DB/통합사본.csv
20,통합 미분류 항목,출제 기간,YY.MM.DD~YYYY.MM.DD,수집된DB/통합사본.csv
21,통합 미분류 항목,출제 상태,출제 전 / 출제 중 / 출제 완료 / 출제 취소 / 승인 완료,수집된DB/통합사본.csv
22,통합 미분류 항목,출제 완료일,YY.MM.DD,수집된DB/통합사본.csv
23,통합 미분류 항목,시험 상태,시험 전 / 시험 시작 / 시험 중 / 시험 완료 / 시험 취소,수집된DB/통합사본.csv
24,통합 미분류 항목,채점 기간,YY.MM.DD~YY.MM.DD / 시험 시작 1시간 전부터 [응시하기] 버튼 활성화 : 시험 시작 상태는 시험 전~시험 중 사이,수집된DB/통합사본.csv
25,통합 미분류 항목,채점 상태,"채점 요청 / 채점 중 / 채점 완료 / 채점 취소 / 승인 완료 / 자동 채점 완료 / 관리자 설정, Default : 시험일로 부터 한달",수집된DB/통합사본.csv
26,통합 미분류 항목,채점 완료일,YY.MM.DD,수집된DB/통합사본.csv
27,통합 미분류 항목,채점 상태,,수집된DB/통합사본.csv
28,통합 미분류 항목,출제자명,,수집된DB/통합사본.csv
29,통합 미분류 항목,출제자 아이디,,수집된DB/통합사본.csv
30,통합 미분류 항목,휴대폰,"01012345678 / 이메일 또는 휴대폰 둘 중 하나 선택하여 인증 / 단위당 금액(원) / 1 / 10,000 / 100,000 / 20,000 / *갯수 / 1분 / 카테고리 (소) / 관리자 수정 가능 / 리뷰 / 사이트 구분",수집된DB/통합사본.csv
31,통합 미분류 항목,채점자명,,수집된DB/통합사본.csv
32,통합 미분류 항목,채점자 아이디,,수집된DB/통합사본.csv
33,통합 미분류 항목,출제자 메모,,수집된DB/통합사본.csv
34,통합 미분류 항목,채점자 메모,,수집된DB/통합사본.csv
35,통합 미분류 항목,관리자 메모,,수집된DB/통합사본.csv
36,통합 미분류 항목,양식구분,번역 / 프롬프트 / 단답형,수집된DB/통합사본.csv
37,통합 미분류 항목,양식명,객관식10 주관식5,수집된DB/통합사본.csv
38,통합 미분류 항목,단계,3,수집된DB/통합사본.csv
39,통합 미분류 항목,총문항수,3 / 15,수집된DB/통합사본.csv
40,통합 미분류 항목,국적,대한민국 / 미국 / 사용 포인트 제공 / 1000 / 관리자가 직접 회원에게 포인트 입력 / 우선순위 / 1 / 2 / 4 / 3 / 자동 매칭에서 사용될 예정 / 요청 사항 / 텍스트 / 작성일 / YYYY.MM.DD,수집된DB/통합사본.csv
41,통합 미분류 항목,파일종류,문서 / 응성 / 영상,수집된DB/통합사본.csv
42,통합 미분류 항목,출제파일,,수집된DB/통합사본.csv
43,통합 미분류 항목,사용 번역기,,수집된DB/통합사본.csv
44,통합 미분류 항목,사용 AI,,수집된DB/통합사본.csv
45,통합 미분류 항목,시험개요,,수집된DB/통합사본.csv
46,통합 미분류 항목,총점,,수집된DB/통합사본.csv
47,통합 미분류 항목,합격점수,,수집된DB/통합사본.csv
48,통합 미분류 항목,배점,,수집된DB/통합사본.csv
49,통합 미분류 항목,column 138,,수집된DB/통합사본.csv
50,통합 미분류 항목,column 139,,수집된DB/통합사본.csv
51,통합 미분류 항목,주소,"서울 강남구 / 국적, 주소, 상세 주소, 우편번호 4개로 / 개발자 확인 : 해외 주소도 입력 가능 / 할인 유형 / 이벤트 / 첫 결제 / 회원가입 / 전문가 레벨 / A / B / D / C / E / 서비스 횟수 / 1 / 추후 개발 예정 / 제목 / 텍스트",수집된DB/통합사본.csv
52,통합 미분류 항목,시험 등급,,수집된DB/통합사본.csv
53,통합 미분류 항목,문제,텍스트,수집된DB/통합사본.csv
54,통합 미분류 항목,정답1,"1 / 2 / O / X / 텍스트 / 해당 없음 / 단답형 정답, 단답형 정답2 / 개발자 확인 : 화면 기획 시 구체적으로 정리될 예정",수집된DB/통합사본.csv
55,통합 미분류 항목,정답2,개발자 확인 : 화면 기획 시 구체적으로 정리될 예정,수집된DB/통합사본.csv
56,통합 미분류 항목,채점 방법,자동 채점 / 자동+휴먼 / 휴먼 채점 / 해당 없음(설문) / 번역에서 정답 2까지 있는 경우,수집된DB/통합사본.csv
57,통합 미분류 항목,1차평가요소,개발자 확인 : 화면 기획 시 구체적으로 정리될 예정,수집된DB/통합사본.csv
58,통합 미분류 항목,2차평가요소,,수집된DB/통합사본.csv
59,통합 미분류 항목,단어수,,수집된DB/통합사본.csv
60,통합 미분류 항목,문장부호수,,수집된DB/통합사본.csv
61,통합 미분류 항목,주소 상세,"나라, 도시 이외의 주소 표시되는 영역 / 할인율 / 10% / 5% / 7% / 3% / 활동 가능 시간 / 평일 오전 / 평일 오후 / 평일 종일 / 주말 / 긴급가능 / 언제든 (긴급) / 긴급이 가능할 경우 24시간으로 자동 체크 / 고객 희망 금액 / 100,000 / 회원이 입력한 금액/해당 금액 입금 완료 후 매칭 가능 / 내용 / 텍스트",수집된DB/통합사본.csv
62,통합 미분류 항목,전체문장수,,수집된DB/통합사본.csv
63,통합 미분류 항목,전체 문자수,,수집된DB/통합사본.csv
64,통합 미분류 항목,유사어,,수집된DB/통합사본.csv
65,통합 미분류 항목,종류,자격증 / 카드 자격증 / 확인서 / 원본대조필 / 봉사확인서 / 모든 시험에 동일하게 필요,수집된DB/통합사본.csv
66,통합 미분류 항목,금액,"3,000 / 5,000 / 1,000",수집된DB/통합사본.csv
67,통합 미분류 항목,사진,image.jpge,수집된DB/통합사본.csv
68,통합 미분류 항목,출력일,YY.MM.DD,수집된DB/통합사본.csv
69,통합 미분류 항목,출력 상태,출력 전 / 출력 완료 / 출력 취소,수집된DB/통합사본.csv
70,통합 미분류 항목,배송일,YY.MM.DD,수집된DB/통합사본.csv
71,통합 미분류 항목,개인/그룹,"개인 / 그룹 / 서비스 레벨 / A / C레벨 / B레벨 / D레벨 / 긴급 / 평점 / 전문가 요청 금액 / 200,000 / 전문가 입력한 금액 / 작성자 / 관리자",수집된DB/통합사본.csv
72,통합 미분류 항목,배송 상태,배송 전 / 배송 완료 / 배송 시작 / 배송 중 / 반송,수집된DB/통합사본.csv
73,통합 미분류 항목,시험 종목,프롬프트 언어 전문가,수집된DB/통합사본.csv
74,통합 미분류 항목,시험 급수,전문 1급,수집된DB/통합사본.csv
75,통합 미분류 항목,시험명,프롬프트 전문가 시험,수집된DB/통합사본.csv
76,통합 미분류 항목,세부명,비즈니스,수집된DB/통합사본.csv
77,통합 미분류 항목,출제 상세 상태,출제 전 / 출제 중 / 출제 완료,수집된DB/통합사본.csv
78,통합 미분류 항목,출제 기간,"Default : 시험일 한달 전, 관리자 수정 가능",수집된DB/통합사본.csv
79,통합 미분류 항목,시험 개요,,수집된DB/통합사본.csv
80,통합 미분류 항목,그룹명,"삼성 / 서울대학교 / 추가 설정1(갯수) / *1 / *3 / *2 / *4 / 활동 횟수 / 최종 금액 / 150,000 / 회원과 전문가가 합의한 금액 / 조회수 / 1,000",수집된DB/통합사본.csv
81,통합 미분류 항목,교시,1교시 / 2교시 / 3교시,수집된DB/통합사본.csv
82,통합 미분류 항목,출제유형,,수집된DB/통합사본.csv
83,통합 미분류 항목,사용 번역기,,수집된DB/통합사본.csv
84,통합 미분류 항목,사용 AI,,수집된DB/통합사본.csv
85,통합 미분류 항목,만점,500,수집된DB/통합사본.csv
86,통합 미분류 항목,배당점수,200 / 100,수집된DB/통합사본.csv
87,통합 미분류 항목,합격 점수,,수집된DB/통합사본.csv
88,통합 미분류 항목,검색 허용 횟수,,수집된DB/통합사본.csv
89,통합 미분류 항목,수정 단어수,,수집된DB/통합사본.csv
90,통합 미분류 항목,단계,3 / 2 / 1,수집된DB/통합사본.csv
91,통합 미분류 항목,세금계산서,"Y / N / 예상 금액 / 매칭 거절 횟수 / 추가 결제 금액 / 50,000 / 희망 금액 외 추가 금액/해당 금액 입금 후 서비스 가능 / 블로그 / 블로그 관리 번호",수집된DB/통합사본.csv
92,통합 미분류 항목,파일 종류,TTT / STS / URL,수집된DB/통합사본.csv
93,통합 미분류 항목,출제 파일,filename.docx,수집된DB/통합사본.csv
94,통합 미분류 항목,총 문항수,25,수집된DB/통합사본.csv
95,통합 미분류 항목,난이도상,5,수집된DB/통합사본.csv
96,통합 미분류 항목,난이도중,10,수집된DB/통합사본.csv
97,통합 미분류 항목,난이도하,10,수집된DB/통합사본.csv
98,통합 미분류 항목,출제 완료일,,수집된DB/통합사본.csv
99,통합 미분류 항목,난이도,상 / 중 / 하 / 문제별 난이도,수집된DB/통합사본.csv
100,통합 미분류 항목,시험 유형,"랜덤형 / 선택형 / 순차형 / A,B,C중 응시자 선택은 선택형, 랜덤형, 1번응시 A, 2번 응시는 B로 설정되는 순차형",수집된DB/통합사본.csv
101,통합 미분류 항목,시험 양식,번역-TTT / 번역-STT / 번역-STS / 번역-TTS / 프롬프트 / 단답형 / 설문,수집된DB/통합사본.csv
102,통합 미분류 항목,사업자 등록번호,123-45-678-9 / 수수료 (매칭) / 리뷰(건) / (창작 별도) / 창작물 관리 번호 / 사이트 구분 / 성인 / 교등학생 / 초증학생,수집된DB/통합사본.csv
103,통합 미분류 항목,시험 양식명,웹툰 번역 / 문서 번역 / 영상 번역 / 객관식  50 문장형 주관식 10 / 객관식 10 단답형 주관식 5 / OX 퀴즈 / 여론조사형 설문,수집된DB/통합사본.csv
104,통합 미분류 항목,문제 형태,"객관식 / 주관식 / 단답형 / 설문 / OX / 1.GPT와 2번역시험분류
1.GPT에서 문서 디자인. 코딩시험분류 
번역시험에서 웹툰번역, 영상번역, 유튜브번역분류는",수집된DB/통합사본.csv
105,통합 미분류 항목,시험 문제,"랜덤 / 단일 문제 / 개발시 참고 : 화면 설계하면서 변경 예정(복사, 수정, 저장 등 기능 필요)",수집된DB/통합사본.csv
106,통합 미분류 항목,출제자 메모,,수집된DB/통합사본.csv
107,통합 미분류 항목,시험명,,수집된DB/통합사본.csv
108,통합 미분류 항목,아이디,응시자 아이디,수집된DB/통합사본.csv
109,통합 미분류 항목,채점 상태,채점 전 / 채점 중 / 채점 완료 / 승인 완료 / 관리자가 최종 승인 후 결과 발표 가능,수집된DB/통합사본.csv
110,통합 미분류 항목,채점 요청,채점하기 / 채점 완료,수집된DB/통합사본.csv
111,통합 미분류 항목,피드백,피드백 요청 / 피드백 완료,수집된DB/통합사본.csv
112,통합 미분류 항목,가입일,"YY.MM.DD / 최종 금액 / 은행명 / 작성일 / 문서를 생성, 수정한 날짜 / 번역 / 전문 2급 / 전문 1급 / 일반 1급 / 일반 2급 / 일반 3급 / 교육급수 1급 / 교육급수 3급 / 교육급수 2급 / 교육급수 4급 / 교육급수 6급 / 교육급수 5급 / 교육급수 7급 / 교육급수 8급",수집된DB/통합사본.csv
113,통합 미분류 항목,피드백 점수,5,수집된DB/통합사본.csv
114,통합 미분류 항목,피드백 텍스트,텍스트,수집된DB/통합사본.csv
115,통합 미분류 항목,채점 기간,,수집된DB/통합사본.csv
116,통합 미분류 항목,채점 완료일,,수집된DB/통합사본.csv
117,통합 미분류 항목,자동 채점 점수,100,수집된DB/통합사본.csv
118,통합 미분류 항목,휴먼 채점 점수,90 / 30+30+30=90 / 개별 점수가 있을 경우 +로 표시,수집된DB/통합사본.csv
119,통합 미분류 항목,합격 기준 점수,,수집된DB/통합사본.csv
120,통합 미분류 항목,채점 기준,관리자가 설정,수집된DB/통합사본.csv
121,통합 미분류 항목,채점 상세 기준,출제자가 설정,수집된DB/통합사본.csv
122,통합 미분류 항목,시험 결과,,수집된DB/통합사본.csv
123,통합 미분류 항목,가입채널,카톡 / 네이버 / 회원가입 / 구독 관리 번호 / 구독 기준 관리결제 기준 관리 (개발 완료 전 확정 필요) / XX001 / 계좌번호 / 사용 AI / ChatGPT / Bing / 구글 바드 / MS / 소라 / 네이버 하이버 / 사용에디터 추가 될것임 그리고 추가 프로그램은 어디에 넣을까요 / 제목,수집된DB/통합사본.csv
124,통합 미분류 항목,피드백 요청,,수집된DB/통합사본.csv
125,통합 미분류 항목,피드백 완료일,,수집된DB/통합사본.csv
126,통합 미분류 항목,관리자 확인,,수집된DB/통합사본.csv
127,통합 미분류 항목,채점자 메모,,수집된DB/통합사본.csv
128,통합 미분류 항목,column 214,,수집된DB/통합사본.csv
129,통합 미분류 항목,사진 등록,image.jpg / 첨부 파일 / 사이트 구분 / 번역 / 문서 / 전시회 / 매칭 / 예금주 / 문서 제작 목적 / 자체 사용 / 판매 / 내용 / 프롬프트 / 전문 2급 / 전문 1급 / 일반 1급 / 일반 2급 / 일반 3급 / 교육급수 1급 / 교육급수 3급 / 교육급수 2급 / 교육급수 4급 / 교육급수 6급 / 교육급수 5급 / 교육급수 7급 / 교육급수 8급,수집된DB/통합사본.csv
130,통합 미분류 항목,비밀번호,******** / 비밀번호 규칙 정리 필요 / 구독 서비스 / 구독 기준 관리결제 기준 관리 (개발 완료 전 확정 필요) / 베이직 / 스탠다드 / 프리미엄 / 학교명 / 문서 활용 방법 / 다운로드 / 임시저장 / 감수요청 / 설문 / 작성요청 / 컨설팅 / 조회수,수집된DB/통합사본.csv
131,통합 미분류 항목,알림,카톡 / 문자 / 이메일 / 비동의 없음 / 내용 / 에디터 글자 / 번역(AI) / 학과/학부 / 정산 관리 번호 / 알림 / 알림 관리 번호,수집된DB/통합사본.csv
132,통합 미분류 항목,마케팅 동의여부,"문자 / 이메일 / 문자, 이메일 / 미동의 / 다중선택인가요 ? / 혜택 / 1천자 / 1만자 / 재학기간 / 정산 금액 / 알림 발송 분류 / 결제 / 전문가 승인 / 시험일 / 매칭 요청 / 시험 결과 / 매칭 알림 / 문서 판매 / 번역 완료 / 메타 -사용자 활동통계 / 서비스유형 / 원본->AI감수(휴먼)",수집된DB/통합사본.csv
133,통합 미분류 항목,관리자 메모,금액 / 월 1만원 / 월 5천원 / 졸업여부 / 졸업예정 / 졸업 / 재학 중 / 휴학 중 / 가산금액 / 알림 방법 / 문자 / 카카오톡 / 메일 / 총합산건수 / 21걸(100건),수집된DB/통합사본.csv
134,통합 미분류 항목,첫 접근기기,정산 기준 번호 / 전문가 정산 기준 관리(개발 완료 전 확정 필요) / XX001 / 학력 관련 첨부파일 / 최종정산액 / 내용 / 번역문서 / 21건(100건),수집된DB/통합사본.csv
135,통합 미분류 항목,최근 로그인,정산 기준 / A레벨 / C레벨 / B레벨 / D레벨 / 긴급 / 회사명 / 정산 상태 / 발송 결과 / 정상 / 오류 / STT / 3건(2건),수집된DB/통합사본.csv
136,통합 미분류 항목,체류시간,정산 비율 / 70% / 85% / 80% / 90% / 부서 / 정산 완료일 / 1:1 채팅 / 1:1 채팅 목록 / 매칭 / 관리자 / 채팅 방법에 따라 추후 구성 / STT / 3건(2건),수집된DB/통합사본.csv
137,통합 미분류 항목,사이트 구분,"메타번역 / 통독문서 / 시험 / 사직서 / 전시회 / 영업매칭 / 회원가입한 사이트에 따른 구분, 모든 관리자 화면 구분값 / 수정 적용일 / YY.MM.DD / 전문가 가입일 / 매칭 요청일 / 문의 분류 (개발 완료 전 확정 필요) / 결제 / 오류 / 환불 / 개선 요청 / 서비스 / 기타",수집된DB/통합사본.csv
138,통합 미분류 항목,활동일,YY.MM.DD / 사용자 활동 관리 번호가 생성되는 날짜 / 서비스 기준 / 1만자 / 10시간 / 10장 / 재직기간 / 창작물 정보 / 창작물 관리 번호 / XX241010 001 / 날짜 / 사이트 구분 / 유튜브 / 3건(2건),수집된DB/통합사본.csv
139,통합 미분류 항목,제작 목적,"판매 / 자체 사용 / 판매 아닌 것은 모두 자체 사용 / 날짜 / YYYY,MM.DD / 해외거주지 / 완료일 / YY.MM.DD / 금액 / 문서 업데이트 날짜 / 내용 / 텍스트",수집된DB/통합사본.csv
140,통합 미분류 항목,서비스 방법,"대면 / 전화(화상) / 1:1 채팅 / 기타(기업) / 파일제공 / 서비스 유영에 하부 한개만 더 넣으면어떨까요 카테고리 말고 / 매출 / 10,000,000 / 거주 이유 / 서비스 유형 / 특이사항 / 메인 배너 / 메인 배너 관리 번호",수집된DB/통합사본.csv
141,통합 미분류 항목,긴급 여부,"긴급 / 일반 / 정산 완료 / 500,000 / 거주 기간 / 카테고리 (대) / 사이트 구분",수집된DB/통합사본.csv
142,통합 미분류 항목,카테고리(중)  (개발 완료 전 확정 필요),"영어 / 아프리카어 / 취업 / 세무 / 특허 / 민사법 / 의료 / 세무정산 / 방산 / 사용 건수 / 1,000 / 출판사 / 카테고리 (소) / 이미지",수집된DB/통합사본.csv
143,통합 미분류 항목,카테고리(소)  (개발 완료 전 확정 필요),파일 변환 방식 별 / STT / TTS / TTT / STS / (추후)고전-TTT / (추후)웹툰--TTT / (추후)아나운서 -STS / (추후)유튜브-sts / 개발자 확인 : 업로드 파일 형식에 따라 최종 변환 파일 추적 가능 여부 확인 필요 / 출판일 / 제목 / 텍스트 / 문서 마켓에 들어갈 제목 / 팝업 / 팝업 관리 번호,수집된DB/통합사본.csv
144,통합 미분류 항목,요금 그룹,"일반 / 표준 / 전문 / 고급 / 프리미엄 / 1-4단계 (가중치) / 사용 건수 / 1,000 / 관련 파일 / 내용 / 텍스트 / 문서 마켓에 들어갈 내용 / 사이트 구분",수집된DB/통합사본.csv
145,통합 미분류 항목,회원 유형,정식 회원 / 일반 회원 / 회원 탈퇴 / 전문가 회원 / 기업 회원 / 정식 회원: 프로필 내용 입력 완료/일반 회원: 간편 로그인으로 회원 가입 회원/회원 탈퇴: 회원 탈퇴 신청 후 삭제 기간 지정 / 서비스 구분 / AI / 이름 / 매칭 완료일 / YY.MM.DD / 표시방법 / 관리자 / 전문가 / 인스타그램 / 텔레그램 / 카카오,수집된DB/통합사본.csv
146,통합 미분류 항목,출발어  (개발 완료 전 확정 필요),한국어 / 영어 / 109언어 / 업로드 파일 형식 별 / pdf / pptx / docx / hwp / mp3 / url / mp4 / 자격증 / 판매 파일 / text.txt / name.mp3 / 여기에도 무슨파일인지 파일종류 분류 필요함/ 카테고리와는 다른 영상파일 . 음성파일. 번역파일. 작성파일등등 구분할수있는 대중소 필요함 / 게시 기간 / YY.MM.DD~YY.MM.DD,수집된DB/통합사본.csv
147,통합 미분류 항목,도착어  (개발 완료 전 확정 필요),"영어 / 한국어 / 아랍어 / 중국어 / 109언어 / 업로드 건수 / 1,000 / 자격증 사본 / 문서 제작 목적 / 자체 사용 / 판매 / 임시 저장 / 문서 레벨에 대한것규정필요 -전문가와 함께 규정 / 이미지",수집된DB/통합사본.csv
148,통합 미분류 항목,활동 상태,요청 / 진행 중 / 활동 완료 / 임시 저장 / 서비스 완료 / 문서 파일 형식 별 / PDF / PPT / Word / 한글 / 관리자 메모 / 텍스트 / 문서 활용 방법 / 다운로드(구매) / GPT 작성 / 작성 요청 / 다운로드 / 감수요청 / 작성요청 / 설문 / 컨설팅,수집된DB/통합사본.csv
149,통합 미분류 항목,파일 업로드일,"YY.MM.DD / 업로드, 다운로드 파일 모드 DB에 업데이트 된 날짜 표시 / 구매 건수(다운로드) / 1,000 / 더보기 / 최초접근기기 / 최근 로그인 / 체류시간 / 판매 금액 / 무료 / 500 / 5,000 / 100,000 / 이용약관 / 이용약관 관리 번호 / XX001",수집된DB/통합사본.csv
150,통합 미분류 항목,업로드 파일,"name.pdf / name.docx / name.pptx / name.mp3 / name.txt / name.hwp / http://www.... / 에디팅 된 파일은 DB에 저장됨(미디어 서버에 파일 저장), 사용자가 업로드 한 파일 / 문서 활용별 / 다운로드 / 감수 요청 / GPT 작성 / 작성 요청 / 컨설팅 요청 / 전문가 활동 관리 번호 / 전문가 정산 정보 / XX241010 001 / 조회수 / 1,000 / 사이트 구분",수집된DB/통합사본.csv
151,통합 미분류 항목,완료 파일,"name.pdf / name.docx / name.pptx / name.mp3 / name.txt / name.hwp / name.mov / 전문가가 결과물을 업로드한 파일, 사용자가 다운로드 가능한 구조 / 사용 건수 / 1,000 / 활동 내역 / 출제 / 채점 / 전화(화상) / 대면 / 설문 / 1:1 채팅 / 긴급 / 감수 / 문서 작성 / 문서 단순 편집 / 다운로드수 (판매수) / 내용 / 텍스트",수집된DB/통합사본.csv
152,통합 미분류 항목,원본 텍스트 생성일,"YY.MM.DD / 응시생 / 1,000 / 서비스 완료일 / 검증 상태 / 검증 요청 / 수정 요청 / 게시 완료 / 취소 / 관리자 정보 / 아이디 / abcd@abcd.com",수집된DB/통합사본.csv
153,통합 미분류 항목,원본 텍스트,"파일에서 변환된 텍스트 원본 / 합격생 / 1,000 / 정산 예정일 / YY.MM.DD / 월말 기준 : 이번달 10일 이내 지난달 금액 입금 예정 / 사용 번역기 / 비밀번호 / 12345678",수집된DB/통합사본.csv
154,통합 미분류 항목,사용 번역기,"구글 / 파파고 / 시스트란 / DeeL / 바이두-중국 / 일본 번역기 / 프랑스어 번역기 / 나라별로 추가할수있슴 / 필리핀 번역기 / 번역기 계속추가 / 불합격생 / 1,000 / 정산 금액 / 100,000 / 자동 프로그램으로 / AI 프롬프트 / 이름 / 관리자 / 메타번역 관리자 / 결제 담당자",수집된DB/통합사본.csv
155,통합 미분류 항목,그룹 구분,대학 / 회사 / 학원 / 관공서 / 서비스 유형 / AI(텍스트) / AI(영상) / AI(이미지) / AI(음악) / 번역기 / 휴텍씨 에디터 / 개발테스트 / 양식 에디터 / 멤소스 에디터 / 매칭(감수) / 영상 편집 에디터 / 매칭(작성) / 매칭(제작) / 매칭(단순편집) / 매칭(채점) / 매칭(출제) / 매칭(채점피드백) / 시험 / 서비스 유형과 분류는 ? / 판매 / 이메일 / 서비스 완료일 / 답변자 / 김관리 / 박전문,수집된DB/통합사본.csv
156,통합 미분류 항목,사용 에디터,"자체 번역 툴 / 멤소스 툴 / 타에디터 툴 / 기업(그룹)명 / 최종정산액 / 150,000 / 110000 / 90000 / 가산 금액(+-)에 따른 자동 합계 / 사용 에디터 / 휴텍씨 에디터 / 멤소스 에디터 / 양식 에디터 / 영상 에디터 / 음악 에디터 / 프롬프트 에디터 / 자체 문서툴 / AS와 CE 줄 확인 / 범위 설정 (개발 완료 전 확정 필요) / 모든 사이트/모든 메뉴 / 메타번역 / 모든 사이트/정산 메뉴 / 시험 / 통독/일부 메뉴",수집된DB/통합사본.csv
157,통합 미분류 항목,에디터 사용일,YY.MM.DD / 에디터 최종 사용일 / 견적 상태 / 견적 대기 / 견적 협의 / 견적 완료 / 정산일 / 관리가가 정산한 날 입력 / 파일형식 / jpeg / gif / hwp / docx / pptx / html / mov / mpe / text / pdf / css / 해당 권한 / 읽기/쓰기/저장/삭제 / 읽기,수집된DB/통합사본.csv
158,통합 미분류 항목,에디터 텍스트,에디터에서 사용된 텍스트 저장 본 / 견적서 요청일 / 정산 상태 / 정산 전 / 완료 / 취소 / 연관내용(해시태그?) / 목록별 / 관리 번호 / 아이디 / 이름 / 기간 / 활동명 / 사용자 화면에 표시되는 모든 목록,수집된DB/통합사본.csv
159,통합 미분류 항목,작업 단위,"글자수 / 시간당 / 장당 / 갯수 / 문항당 / 회당(시험) / 횟수(전화화상) / 시험에서도
 평가에서
필요한부문
 평가테이블 별도
 필요할듯 / 견적서 발송일 / 정산액 / 50,000 / 후기 / 표시/숨기기 관리 / 숨기기 / 표시",수집된DB/통합사본.csv
160,통합 미분류 항목,작업 분량,"5000 / 2 / 50 / 4 / 10 / 결제방법 / 무통장입금 / 정산 후 남은 금액 / 100,000 / 정산 후 남은 금액은 다음달로 자동 이월 / 화면관리 / 화면 관리번호",수집된DB/통합사본.csv
161,통합 미분류 항목,완료 희망일,YY.MM.DD / 사용자가 날짜 지정 / 업로드 파일명 / 예금주 / 수정일,수집된DB/통합사본.csv
162,통합 미분류 항목,시험 종목,내역 / 화면에 있는 내용 중 어느 부분 들어갈지 확인 필요 / 은행명 / 우측 메뉴 / 화면캡쳐/메모장 / /메모장,수집된DB/통합사본.csv
163,통합 미분류 항목,시험일,금액 / 관리자 메모 / 다음달에 합계 정산 예정 / 구분 설정 / 문서번역 / 동시 통역 / 유튜브 번역 / 웹툰 번역,수집된DB/통합사본.csv
164,통합 미분류 항목,회원 구독 상태,프리미엄 / 베이직 / 스탠다드 / 미정 / 1회 결제 / 건수로 1회  결제는 어떻게 / 서비스 방법 / 대면 / 채팅 / 전화(화상) / 파일 업로드 / 서비스 유형과 분류는 ? / 전문가 승인상태 / 전문가 요청 / 전문가 거절 / 전문가 승인 대기 / 전문가 승인 / 전문가들에게 자동으로 문자나 카톡가야할듯한데요 / 특수전무가만 ..그리고 업무도 자동전달되는것으로 최대한 편하게 / 상담일 / YYYY.MM.DD / 이벤트 / 보너스 정책,수집된DB/통합사본.csv
165,통합 미분류 항목,접수 상태,완료 / 접수 전 / 취소 / 부가세 / 전문가 활동 관리 번호 / 전문가 활동 정보 / XX241010 001 / 관련 서비스명 / PDF를 번역 후 문서로 변환 / 원본 파일 번역 후 음성으로 변환 / 여러 언어로 동시 번역 / 전문가 동시 통역 요청,수집된DB/통합사본.csv
166,통합 미분류 항목,접수 상태 변경일,"접수 완료일 표시 / 최종입금액 / 서비스 완료일 / YY.MM.DD / 매칭 시 서비스 완료일, 채점, 출제 완료일 / 사용 에디터 / 휴텍씨 에디터 / 멤소스 에디터 / 양식 에디터 / 음악 편집 에디터 / 영상 편집 에디터 / 문서 편집 에디터",수집된DB/통합사본.csv
167,통합 미분류 항목,시작 시간,입금여부 / 사이트 구분 / 번역 / 시험 / 사직서 / 큐레이터 / 카테고리,수집된DB/통합사본.csv
168,통합 미분류 항목,종료 시간,정산 금액 / 활동일 / 사용 AI,수집된DB/통합사본.csv
169,통합 미분류 항목,시험명,결제 상태 / 결제 정보 / 결제 완료 / 취소 / 결제 전 / 환불 / 서비스 완료일 / 번역기,수집된DB/통합사본.csv
170,통합 미분류 항목,접수 구분,장바구니 관리 번호 / 서비스 유형 / 출발어,수집된DB/통합사본.csv
171,통합 미분류 항목,차수,결제 관리 번호 / XX241010 001 / 카테고리(대) / 검정 과목 / 도착어,수집된DB/통합사본.csv
172,통합 미분류 항목,시험 등급,결제일 / YY.MM.DD / 카테고리(중) / 분야 / 업로드 가능한 파일,수집된DB/통합사본.csv
173,통합 미분류 항목,시험 상태,결제 분류 / 포인트 / 구독 / 영상만들기 / 이미지만들기 / 템플릿 양식 / 카테고리(소) / 영역 / 사용 영역 / 이미지 / GIF / 영상 / 음악,수집된DB/통합사본.csv
174,통합 미분류 항목,응시 상태,응시 전 / 응시 완료 / 미응시 / 시험 응시 버튼 클릭 시 응시 완료 표시 / 결제 내용 / 서비스 이용 / 프리미엄 구독 / 포인트 충전 / 베이직 구독 / 구독 종류 3-4개임 / 문서 구매 / 조회수 높은 영상 만들기 / 프롬프르 생성 / 발표 대본 / 출발어 / 관련 태그,수집된DB/통합사본.csv
175,통합 미분류 항목,이름,홍길동 / 카테고리(대) / 번역 / 큐레이터 / 변호 / 컨설팅 / 회계 / 인사 / 전문가 승인일 / YY.MM.DD / 전문가 상태 중 [승인완료]로 수정할 날짜 표시 / 매칭 방법 / 직접 찾기 / 매칭 요청 / 자동 매칭 / 기타(기업) / (변환)매칭요청 / 일정 시간 동안 매칭이 이뤄지지 않으면 자동으로 매칭 요청으로 변환 / 삼담 완료일,수집된DB/통합사본.csv
176,통합 미분류 항목,답안 제출,제출 완료 / 미제출 / 제출 전 / 임시저장은 ? / 결제 상세 내용 / 서비스 유형 + 서비스 방법 + 긴급 여부 / 도착어 / AI 설정,수집된DB/통합사본.csv
177,통합 미분류 항목,성적 발표일,"이용 금액 / 100,000 / 50,000 / 55,000 / 요청 파일 / 사용자가 의뢰하기 위해 업로드 한 파일 / 원본 기본 기능 / 구성 보기 / 요약보기 / 목차 만들기",수집된DB/통합사본.csv
178,통합 미분류 항목,시험 연기일,"2차 / 할인 금액 / 10,000 / 5,000 / 완료 파일 / 전문가가 완료된 파일을 업로드한 파일 / 원본 추가 기능 / AI 세부 설정 변경 / 파일 통합 / 다운로드 설정",수집된DB/통합사본.csv
179,통합 미분류 항목,시험 결과,"합격 / 불합격 / 해당없음 / 결제 금액 / 90,000 / 50,000 / 작업 단위 / 글자수 / 자동인식 / 원본 하단 요약 / 사용 중인 AI / 예상 금액 / 사용 금액 / 사용중인 구독제 / 보유 포인트",수집된DB/통합사본.csv
180,통합 미분류 항목,채점 방식,"자동 채점 / AI재첨 / 휴먼 채점 / AI+휴먼 / 개별 채점표따로 만들어야할듯 / 보유 포인트 / 150,000 / 20,000 / 작업 분량 / 10,000 / AI 기본 기능 / AI 세부 설정 변경 / 요약보기 / 목차 만들기",수집된DB/통합사본.csv
181,통합 미분류 항목,채점 점수,"80 / 주관식 
객관식 
윤리시험 각각 채점점수 필요함 / 결제 방법 / 카드 결제 / 카카오 페이 / 네이버 페이 / 포인트 사용 / 구독사용 / 추가 적립(관리자 직접 추가) / 포인트 사용에 사용 내역이 표시됨 / 작업 소요 시간 / 3시간 이내 / 6시간 이내 / 24시간 이내 / 12시간 이내 / 희망일 이내 / AI 추가 기능 / AI 세부 설정 축 / 요약보기 / 목차 만들기 / 다운로드 설정 / 미리 보기",수집된DB/통합사본.csv
182,통합 미분류 항목,합격 기준 점수,80 / 결제 상태 / 정상 / 환불 / 완료 희망일 / AI하단 요약 / 글자수 / 길이 / 사용 중인 AI / 사용 중인 번역기,수집된DB/통합사본.csv
183,통합 미분류 항목,총점,100 / 더보기 / 환불 정보 (개발 완료 전 확정 필요) / 부가 비용 / 카드사 / 최초 결제일 / 카드번호 / 승인번호 / 매칭 상태 / (매칭 별도) / 매칭 요청 / 매칭 수락 / 매칭 거절 / 매칭 취소 / 요청 후 다른 전문가 수락 시 다른 전문가에게는 삭제? / 매칭거절은 전문가/매칭취소는 회원 또는 관리자 / 히스토리 기본 기능 / 메모장 / 요약보기 / 목차 만들기,수집된DB/통합사본.csv
184,통합 미분류 항목,사용 에디터,프롬프트 에디터 / 자체 문서툴 / 환불접수일 / YYYY.MM.DD / 각 서비스 별 환불 규정 정리 필요- 모든 규정은 공지사항처럼 프로그램으로 변경수정가능하게 개발바람-> 어떤게 있을까요 / 거절 사유 / 다른 작업 진행 중 / 금액이 맞지 않음 / 요창한 시일 내에 완료가 어려움 / 전문 분야가 아님 / 단순 변심 / 기타 / 해당 전문가 부재 / 히스토리 추가 기능 / 히스토리 설정 / 불러오기 / 파일 업로드 / 다운로드 설정,수집된DB/통합사본.csv
185,통합 미분류 항목,개별 피드백 신청,피드백 신청 / 피드백 중 / 피드백 완료 / 환불 상태 / 환불 요청 / 환불 완료 / 환불 중 / 환불 취소 / 매칭 설정 / 1:1 채팅 / 대면 / 파일 제공 / 전화(화상) / 히스토리 하단 요약 / 수정 글자수 / 이벤트,수집된DB/통합사본.csv
186,통합 미분류 항목,성별,남 / 여 / 카테고리 (중) / 영어 / 전시회 / 민사법 / 영업 / 세무정산 / 취업 / 이력서 (첨부파일) / file.docx / 첨부 파일 / 매칭 상태 / 요청 / 매칭 중 / 매칭 완료 / 서비스 완료 / 작업 중 / 임시저장 ? / 문의 제목 / 텍스트,수집된DB/통합사본.csv
187,통합 미분류 항목,긴급 연락처,학생의 부모 등 긴급 연락처 입력 / 환불계좌 / 111111-11-11111 / 등록 상태 / (문서 별도) / 검증 전 / 수정 요청 / 삭제 / 게시 완료 / 자체 사용 / 에디터 전체 기능 / 변경된 텍스트 표시 / 문장 나누기 / 선택 모아보기 / 선택 문장 삭테 / 공유 / 삭제 문장 확인,수집된DB/통합사본.csv
188,통합 미분류 항목,시험 가능 기간,24.10.10~24.10.10 / 환불 예금주 / 홍길동 / 제목 / 이벤트 설정 / 이벤트 관리 번호,수집된DB/통합사본.csv
189,통합 미분류 항목,시험일,"관리자 설정 / 환불 금액 / 10,000 / 적용 사이트 / 메타번역 / 시험 / 문서 / 전체 / 집단 지성",수집된DB/통합사본.csv
190,통합 미분류 항목,지역 (개발 완료 전 확정 필요),경기도 / 부산 / 경상도 / 충청도 / 전라도 / 강원도 / 해외 / 그 외 / 2step?미국 / 캐나다 / 중국 / 프랑스 / 멕시코 / 필리핀 / 그외 / 사용자 화면에 표시되는 시험일 / 환불일 / YY.MM.DD / 이벤트 기간 / YY.MM.DD~YY.MM.DD,수집된DB/통합사본.csv
191,통합 미분류 항목,성적 발표일,"국내는 나열 
해외는 한개로 일단 구분 / 환불 사유 / 단순 변심 / 추가 주문 / 재주문 / 기타 / 매칭 서비스는 직접 요청 1시간 후 취소 불가 / 할인 방법 / 결제 금액 적용 / 회원별 적용",수집된DB/통합사본.csv
192,통합 미분류 항목,접수 구분,정시 / 수시 / 업체 / 관리자 설정 / 관리자 메모 / 텍스트 / 환불사유와관리자 메모등 텍스트 많은경우 는 1줄-2둘만보이고 세부내용은  마우스 올리면 내용보임 / 적용 범위 / 모든 회원 / 이벤트 참여 회원 / 가입 회원 / 서비스 이용 회원,수집된DB/통합사본.csv
193,통합 미분류 항목,차수,24년1차 / 할인금액 / 결제 금액 10% 할인 / 결제 금액 -1만원 / 서비스 무료 / 포인트 직접 주기,수집된DB/통합사본.csv
194,통합 미분류 항목,시헙 종목 (개발 완료 전 확정 필요),번역 자격증 / STEP? 웹툰 / 문서 / 영상 / 유투브 / 다큐멘터리 / 예능 / 프롬프트 언어 전문가 / STEP?  문서 / PPT / 코딩 / 이미지,수집된DB/통합사본.csv
195,통합 미분류 항목,시험명,AI 언어시험 / 여러가지 / GPT / 시험에 스텝은 어떻게 할까요 ? 홈페이지 메뉴가 추가되는 내용이므로 관리자에서 추가하는 건 어려움. 구분 없이 진행하는지 최종 확인 필요,수집된DB/통합사본.csv
196,통합 미분류 항목,나이,34 / 입력한 생년월일로 자동 계산 / 카테고리(소) / 국가 / 서비스 가능 유형 / 대면 / 전화(화상) / 파일 / 채팅 / 단순 편집 / 문서 작성 / 출제 / 설문 / 채점 / 다중선택 / 작업 상태 / 작업 전 / 작업 중 / 작업 완료 / 문의 내용 / 텍스트,수집된DB/통합사본.csv
197,통합 미분류 항목,출제 목적,연습용 / 응시용 / 시험 유형 / 설문,수집된DB/통합사본.csv
198,통합 미분류 항목,기본값 여부,기본값,수집된DB/통합사본.csv
199,통합 미분류 항목,시험등급 (개발 완료 전 확정 필요),전문 1급 / 전문 2급 / 교육 1급-8급 / 일반 1급-3급,수집된DB/통합사본.csv
200,통합 미분류 항목,검정과목 (개발 완료 전 확정 필요),급수전체 풀기,수집된DB/통합사본.csv
201,통합 미분류 항목,분야 (개발 완료 전 확정 필요),카테고리(대)로 대치 가능한지 고민 중,수집된DB/통합사본.csv
202,통합 미분류 항목,영역 (개발 완료 전 확정 필요),카테고리(대)로 대치 가능한지 고민 중,수집된DB/통합사본.csv
203,통합 미분류 항목,교시,"시험 전 / 1교시 / 2교시 / 3교시 / 4교시 / 카테고리(대)로 대치 가능한지 고민 중 / 디비정리하며 / 각 홈페이지에 들어가면 번역 문서 시험 매칭등에 세부 디비가  추가, 변경, 분류, 삭제, 확장(1-3단계)될듯한데 그런것들을 미리 색깔이나의견을 넣어두거나 회의할때 같이 어떻게 할것인지 개발자와 의논이 필요할듯함 / 각 카테로리 대중소 어려개인데 분류 필요함 / 통계와 , 전문가 결산, 대시보드, 관리자의 영역등이 변활수있을것으로 보임 / 번역 / 시험 / 매칭 / 문서 / 디비를 처음에 하는것은 49% 완성이라고 생각하고 개발자가 정리하고 그후 모듈 1개 홈피 1개를 개발해보고 나머지 디비를 수정하는 작업 1회 / 홈페이지 3-4개 만들어지고 마무리 1회 이렇게 해야할듯한데 개발자의 수정에 대한 의견이 필요할듯합니다",수집된DB/통합사본.csv
204,통합 미분류 항목,출발어,"응시생 접수 시 순서별로 시험 제공 / 타업체 번역에디팅 시스템 추가 혹은 기존 에디팅에서 확장변경 수정등이 있을것임 / 번역의 형태 STT/TTS/STS등에서 단계확장되어 웹툰 영화 다큐멘터리 , 소설등으로 분류확장. 그리고 변경등이될듯함 / 시험의 종류도 번역처럼 될수있고 GPT에서도 디자인 소설만들기 , 논문쓰기등 확장되고 통계등도 / 전문가들의 영역에 따란 변할것들이 많아보임 / 문서는 자동판매 , 전문가의 역활에서 오는 상황, 위치기반 데이터 활용에 따른 여러 변화가 있을듯함",수집된DB/통합사본.csv
205,통합 미분류 항목,도착어,,수집된DB/통합사본.csv
206,통합 미분류 항목,시험유형,시험 유형(링크),수집된DB/통합사본.csv
207,결제에 있는 서비스 유형 중복,카테고리(대)  (개발 완료 전 확정 필요),번역 / 인사 / 변호 / 회계 / 영업 / 매칭(제작) / 매칭(단순편집) / 매칭(출제) / 매칭(채점) / 매칭(채점피드백) / 판매 / 시험 / 기업(단체) / 카테고리가 홈피에 따라 분류할수있도록 / 서비스 유형별 / 통계(개발 완료 전 확정 필요) / AI(텍스트) / AI(영상) / AI(이미지) / AI(음악) / 번역기 / 휴텍씨 에디터 / 개발테스트 / 양식 에디터 / 멤소스 에디터 / 매칭(감수) / 영상 편집 에디터 / 매칭(작성) / 저서명 / 카테고리 (중) / YY.MM.DD / 사용처 / 문서 양식 작성한 날짜 기준 / 게시 시작일 / 텍스트 / STS-동시통역 / 3건(2건),수집된DB/통합사본.csv
208,결제에 있는 서비스 유형 중복 1,결제에 있는 서비스 유형 중복 1,,수집된DB/통합사본.csv
209,문제 및 채점,시험명,,수집된DB/통합사본.csv
210,시험 양식,양식 관리 번호,XX241010 001,수집된DB/통합사본.csv
211,시험정보,시험 관리 번호,"환불은행 / 카카오뱅크 / 신한은행 / 기업은행 / 우리은행 / 판매 금액 / 무료 / 5,000 / 100,000 / 10,000 / 에디터 문장별 기능 / 문장 선택 / 웹 검색 / 문장 삭제 / 문장 추가",수집된DB/통합사본.csv
212,자격증,자격증,신청 / 취소 / 미신청 / ? 환불은 아니죠 / 개발자 확인 : 화면 기획 시 구체적으로 정리될 예정,수집된DB/통합사본.csv
213,회원 활동 정보,회원 번호,XX241010 001 / 서비스 단위 / 글자수 / 시간당 / 장당 / 직위 / 정산 후 잔액 / FAQ / FAQ 관리 번호 / XX001 / 이게 내용인가요 ? 왜 번호가 / 공통과 일반으로 / 영상 / 3건(2건),수집된DB/통합사본.csv
214,회원정보,회원 번호,"XX241010 001 / 결제 기준 번호 / 결제 기준 관리(개발 완료 전 확정 필요) / XX001 / 전문가 관리 번호 / 전문가 정보 / 모든 관리번호는 2줄로 / (매칭 별도) / 매칭 관리 번호 / 상태 / 문의 요청 / 답변 중 / 답변 완료 / DPF ,이미지, PPT, 전문문서, 법률문서, 의학문서, 고전문서, / 예능, 드라마, 다큐, 영화, 가요, 인터뷰, 녹화 파일, 강의 컨탠츠 / 아나운서, 사내방송, 회사소개, 전시장, / 관광가이드, 전문통역, 비밀통역, 관광지통역, 유적지통역, 컨퍼런스, 인터뷰 / 텍스트, 이미지,",수집된DB/통합사본.csv
